"year","wei_g","Freq","log_w"
2012,16,0.297806798608946,2.77258872223978
2012,24,0.364884119183948,3.17805383034795
2012,26,0.729768238367897,3.25809653802148
2012,30,1.93187621873311,3.40119738166216
2012,32,0.837223861181262,3.46573590279973
2012,34,1.3308222285505,3.52636052461616
2012,36,1.09465235755185,3.58351893845611
2012,38,3.2331446025186,3.63758615972639
2012,40,0.965938109366554,3.68887945411394
2012,42,0.364884119183948,3.73766961828337
2012,44,0.601053990182605,3.78418963391826
2012,46,1.20210798036521,3.8286413964891
2012,48,4.30368350827015,3.87120101090789
2012,50,1.3308222285505,3.91202300542815
2012,52,2.93533780390965,3.95124371858143
2012,54,5.65077058725871,3.98898404656427
2012,56,2.699167932911,4.02535169073515
2012,58,0.729768238367897,4.06044301054642
2012,60,1.09465235755185,4.0943445622221
2012,62,3.53639179409226,4.12713438504509
2012,64,2.53293020891571,4.15888308335967
2012,66,7.34647693499316,4.18965474202643
2012,68,1.93187621873311,4.21950770517611
2012,70,3.66510604227755,4.24849524204936
2012,72,3.90127591327621,4.27666611901606
2012,74,1.45953647673579,4.30406509320417
2012,76,1.9935131463434,4.33073334028633
2012,78,2.7903587052863,4.35670882668959
2012,80,5.50579148863536,4.38202663467388
2012,82,2.42547458610235,4.40671924726425
2012,84,2.0605904669184,4.43081679884331
2012,86,2.16804608973176,4.45434729625351
2012,88,2.20556956554176,4.47733681447821
2012,90,5.25335676719863,4.49980967033027
2012,92,4.17496926008485,4.52178857704904
2012,94,1.69570634773445,4.54329478227
2012,96,1.09465235755185,4.56434819146784
2012,98,2.55418883428764,4.58496747867057
2012,100,6.6004438461872,4.60517018598809
2012,102,2.55418883428764,4.62497281328427
2012,104,2.33428381372705,4.64439089914137
2012,106,1.93187621873311,4.66343909411207
2012,108,2.53293020891571,4.68213122712422
2012,110,1.69570634773445,4.70048036579242
2012,112,1.09465235755185,4.71849887129509
2012,114,2.07685531735646,4.7361984483945
2012,116,2.78536493035244,4.75359019110636
2012,118,4.30368350827015,4.77068462446567
2012,120,5.25335676719863,4.78749174278205
2012,122,1.56699209954916,4.80402104473326
2012,124,4.90473749845275,4.82028156560504
2012,126,0.729768238367897,4.83628190695148
2012,128,2.29676033791706,4.85203026391962
2012,130,3.28395707265553,4.86753445045558
2012,132,0.236169870998657,4.88280192258637
2012,134,0.965938109366554,4.89783979995091
2012,136,8.478652768355,4.91265488573605
2012,138,0.364884119183948,4.92725368515721
2012,140,6.63796732199719,4.9416424226093
2012,142,0.472339741997314,4.95582705760126
2012,144,1.09465235755185,4.969813299576
2012,146,3.3002219230936,4.98360662170834
2012,148,4.6310441516441,4.99721227376411
2012,150,4.6310441516441,5.01063529409626
2012,152,4.88347887308082,5.02388052084628
2012,154,1.56699209954916,5.03695260241363
2012,156,4.30368350827015,5.04985600724954
2012,158,2.20556956554176,5.06259503302697
2012,160,1.69570634773445,5.07517381523383
2012,162,2.699167932911,5.08759633523238
2012,164,2.20556956554176,5.0998664278242
2012,166,0.364884119183948,5.11198778835654
2012,168,0.601053990182605,5.12396397940326
2012,170,2.07685531735646,5.13579843705026
2012,172,0.729768238367897,5.14749447681345
2012,174,5.41460071626006,5.15905529921453
2012,176,3.06405205209494,5.17048399503815
2012,180,1.60451557535915,5.19295685089021
2012,182,4.30368350827015,5.2040066870768
2012,184,1.82442059591974,5.21493575760899
2012,186,2.18930471510369,5.2257466737132
2012,188,0.601053990182605,5.23644196282995
2012,190,1.3308222285505,5.24702407216049
2012,192,1.9693996945431,5.25749537202778
2012,194,0.236169870998657,5.26785815906333
2012,198,1.9693996945431,5.28826703069454
2012,200,0.236169870998657,5.29831736654804
2012,202,0.729768238367897,5.30826769740121
2012,204,2.5704536847257,5.31811999384422
2012,206,0.236169870998657,5.32787616878958
2012,208,0.364884119183948,5.33753807970132
2012,210,1.56699209954916,5.34710753071747
2012,214,5.1784308452614,5.36597601502185
2012,216,0.729768238367897,5.37527840768417
2012,218,2.20556956554176,5.38449506278909
2012,220,1.9693996945431,5.39362754635236
2012,222,0.236169870998657,5.40267738187228
2012,224,3.36185885070389,5.41164605185504
2012,226,2.5704536847257,5.42053499927229
2012,228,1.09465235755185,5.42934562895444
2012,232,0.364884119183948,5.44673737166631
2012,234,1.07339373217992,5.4553211153577
2012,240,1.9693996945431,5.48063892334199
2012,242,1.60451557535915,5.48893772615669
2012,244,1.9693996945431,5.4971682252932
2012,246,0.236169870998657,5.50533153593236
2012,248,0.729768238367897,5.51342874616498
2012,252,0.364884119183948,5.52942908751142
2012,258,0.729768238367897,5.55295958492162
2012,264,2.44173943654041,5.57594910314632
2012,266,0.601053990182605,5.5834963087817
2012,270,0.236169870998657,5.59842195899838
2012,276,0.236169870998657,5.62040086571715
2012,280,1.60451557535915,5.63478960316925
2012,282,1.84068544635781,5.64190707093811
2012,286,2.31302518835512,5.65599181081985
2012,288,1.84068544635781,5.66296048013595
2012,290,0.297806798608946,5.66988092298052
2012,296,0.236169870998657,5.69035945432406
2012,298,1.84068544635781,5.6970934865054
2012,308,1.60451557535915,5.73009978297357
2012,322,0.364884119183948,5.77455154554441
2012,324,1.60451557535915,5.78074351579233
2012,336,0.236169870998657,5.8171111599632
2012,382,0.236169870998657,5.94542060860658
2012,390,0.236169870998657,5.96614673912369
2013,6,0.365332759061842,1.79175946922805
2013,11,0.365332759061842,2.39789527279837
2013,12,0.365332759061842,2.484906649788
2013,15,2.26696322360334,2.70805020110221
2013,16,0.220149714147065,2.77258872223978
2013,18,0.585482473208907,2.89037175789616
2013,20,2.41214626851812,2.99573227355399
2013,21,0.730665518123684,3.04452243772342
2013,23,0.805632187355971,3.13549421592915
2013,24,0.660449142441194,3.17805383034795
2013,25,2.03939269894906,3.2188758248682
2013,26,0.365332759061842,3.25809653802148
2013,27,0.220149714147065,3.29583686600433
2013,28,0.365332759061842,3.3322045101752
2013,29,0.365332759061842,3.36729582998647
2013,30,5.09981700585136,3.40119738166216
2013,32,1.17096494641781,3.46573590279973
2013,33,3.92885205943355,3.49650756146648
2013,35,1.46133103624737,3.55534806148941
2013,36,0.32470296235766,3.58351893845611
2013,37,0.585482473208907,3.61091791264422
2013,38,0.220149714147065,3.63758615972639
2013,39,0.220149714147065,3.66356164612965
2013,40,6.84409332142108,3.68887945411394
2013,42,0.730665518123684,3.73766961828337
2013,43,0.730665518123684,3.76120011569356
2013,44,0.365332759061842,3.78418963391826
2013,45,0.690035721419502,3.80666248977032
2013,46,0.220149714147065,3.8286413964891
2013,47,0.585482473208907,3.85014760171006
2013,48,0.805632187355971,3.87120101090789
2013,50,4.3063559225524,3.91202300542815
2013,52,0.365332759061842,3.95124371858143
2013,53,0.220149714147065,3.97029191355212
2013,54,0.365332759061842,3.98898404656427
2013,55,2.32975878877862,4.00733318523247
2013,56,0.730665518123684,4.02535169073515
2013,58,0.220149714147065,4.06044301054642
2013,59,0.365332759061842,4.07753744390572
2013,60,6.21798105150799,4.0943445622221
2013,62,0.585482473208907,4.12713438504509
2013,63,0.440299428294129,4.14313472639153
2013,64,1.819242984802,4.15888308335967
2013,65,0.730665518123684,4.17438726989564
2013,66,0.365332759061842,4.18965474202643
2013,68,1.09599827718553,4.21950770517611
2013,69,1.02578190150304,4.23410650459726
2013,70,7.42215498412277,4.24849524204936
2013,71,0.730665518123684,4.26267987704132
2013,72,0.585482473208907,4.27666611901606
2013,74,0.365332759061842,4.30406509320417
2013,75,0.220149714147065,4.31748811353631
2013,76,0.365332759061842,4.33073334028633
2013,77,0.690035721419502,4.34380542185368
2013,78,0.365332759061842,4.35670882668959
2013,79,3.1428117866418,4.36944785246702
2013,80,0.365332759061842,4.38202663467388
2013,81,1.61126437471194,4.39444915467244
2013,82,2.54990850292568,4.40671924726425
2013,83,1.46133103624737,4.4188406077966
2013,84,1.53629770547965,4.43081679884331
2013,85,0.365332759061842,4.44265125649032
2013,87,1.59909327065493,4.46590811865458
2013,89,0.585482473208907,4.48863636973214
2013,90,5.75551585474276,4.49980967033027
2013,91,1.05536848048134,4.51085950651685
2013,92,2.03939269894906,4.52178857704904
2013,93,0.365332759061842,4.53259949315326
2013,94,0.585482473208907,4.54329478227
2013,96,0.585482473208907,4.56434819146784
2013,97,3.28799483155658,4.57471097850338
2013,98,1.02578190150304,4.58496747867057
2013,99,0.950815232270748,4.59511985013459
2013,100,8.07785383301417,4.60517018598809
2013,101,2.18457574386384,4.61512051684126
2013,102,1.64085095369025,4.62497281328427
2013,104,0.730665518123684,4.64439089914137
2013,105,1.02578190150304,4.65396035015752
2013,106,2.54990850292568,4.66343909411207
2013,107,1.09599827718553,4.67282883446191
2013,108,0.365332759061842,4.68213122712422
2013,109,1.02578190150304,4.69134788222914
2013,110,1.09599827718553,4.70048036579242
2013,111,0.730665518123684,4.70953020131233
2013,114,1.68148075039443,4.7361984483945
2013,116,1.17096494641781,4.75359019110636
2013,118,0.365332759061842,4.77068462446567
2013,119,1.9016304645415,4.77912349311153
2013,120,3.79108982502598,4.78749174278205
2013,121,0.365332759061842,4.79579054559674
2013,122,2.19199655437105,4.80402104473326
2013,123,0.365332759061842,4.81218435537242
2013,124,0.365332759061842,4.82028156560504
2013,125,0.805632187355971,4.8283137373023
2013,127,0.585482473208907,4.84418708645859
2013,128,3.35554069028165,4.85203026391962
2013,129,0.730665518123684,4.85981240436167
2013,130,4.23138925332011,4.86753445045558
2013,131,1.09599827718553,4.87519732320115
2013,132,0.365332759061842,4.88280192258637
2013,133,0.365332759061842,4.89034912822175
2013,134,0.950815232270748,4.89783979995091
2013,135,0.365332759061842,4.90527477843843
2013,138,1.09599827718553,4.92725368515721
2013,139,0.730665518123684,4.93447393313069
2013,140,0.220149714147065,4.9416424226093
2013,141,0.730665518123684,4.94875989037817
2013,143,1.31614799133259,4.96284463025991
2013,144,1.2459316156501,4.969813299576
2013,145,1.53629770547965,4.97673374242057
2013,146,0.365332759061842,4.98360662170834
2013,148,0.365332759061842,4.99721227376411
2013,150,7.28439274971521,5.01063529409626
2013,152,0.365332759061842,5.02388052084628
2013,153,0.365332759061842,5.03043792139244
2013,154,0.220149714147065,5.03695260241363
2013,157,0.220149714147065,5.05624580534831
2013,160,0.585482473208907,5.07517381523383
2013,163,2.34192989283563,5.09375020080676
2013,164,0.730665518123684,5.0998664278242
2013,165,0.440299428294129,5.10594547390058
2013,166,1.46133103624737,5.11198778835654
2013,169,0.220149714147065,5.12989871492307
2013,170,1.96442602971678,5.13579843705026
2013,172,0.365332759061842,5.14749447681345
2013,175,0.440299428294129,5.16478597392351
2013,176,1.59909327065493,5.17048399503815
2013,178,0.365332759061842,5.18178355029209
2013,180,1.31614799133259,5.19295685089021
2013,181,0.365332759061842,5.19849703126583
2013,182,0.220149714147065,5.2040066870768
2013,184,1.09599827718553,5.21493575760899
2013,185,2.04681350945627,5.22035582507832
2013,186,0.220149714147065,5.2257466737132
2013,188,1.17096494641781,5.23644196282995
2013,190,0.805632187355971,5.24702407216049
2013,191,0.365332759061842,5.25227342804663
2013,194,0.730665518123684,5.26785815906333
2013,195,1.09599827718553,5.27299955856375
2013,198,0.365332759061842,5.28826703069454
2013,200,5.52794533008849,5.29831736654804
2013,207,1.59909327065493,5.33271879326537
2013,210,0.365332759061842,5.34710753071747
2013,213,0.220149714147065,5.36129216570943
2013,217,0.585482473208907,5.37989735354046
2013,218,0.220149714147065,5.38449506278909
2013,220,1.819242984802,5.39362754635236
2013,222,0.365332759061842,5.40267738187228
2013,223,0.365332759061842,5.40717177146012
2013,227,0.365332759061842,5.4249500174814
2013,228,0.440299428294129,5.42934562895444
2013,230,0.805632187355971,5.4380793089232
2013,234,0.365332759061842,5.4553211153577
2013,236,0.365332759061842,5.46383180502561
2013,240,0.365332759061842,5.48063892334199
2013,241,0.220149714147065,5.48479693349065
2013,242,0.585482473208907,5.48893772615669
2013,248,0.585482473208907,5.51342874616498
2013,249,0.365332759061842,5.51745289646471
2013,250,0.365332759061842,5.52146091786225
2013,251,0.220149714147065,5.52545293913178
2013,252,0.365332759061842,5.52942908751142
2013,254,0.220149714147065,5.53733426701854
2013,255,0.365332759061842,5.54126354515843
2013,256,0.365332759061842,5.54517744447956
2013,258,0.365332759061842,5.55295958492162
2013,259,0.365332759061842,5.55682806169954
2013,260,1.59909327065493,5.56068163101553
2013,261,0.365332759061842,5.56452040732269
2013,268,0.365332759061842,5.59098698051086
2013,270,0.365332759061842,5.59842195899838
2013,277,0.220149714147065,5.62401750618734
2013,280,0.365332759061842,5.63478960316925
2013,283,0.220149714147065,5.64544689764324
2013,305,0.220149714147065,5.72031177660741
2013,315,0.365332759061842,5.75257263882563
2013,322,0.365332759061842,5.77455154554441
2013,328,0.220149714147065,5.79301360838414
2013,333,0.220149714147065,5.80814248998044
2013,335,0.365332759061842,5.81413053182507
2013,349,0.220149714147065,5.85507192220243
2013,352,0.365332759061842,5.8636311755981
2013,355,0.220149714147065,5.87211778947542
2013,374,0.365332759061842,5.92425579741453
2013,396,0.220149714147065,5.98141421125448
2013,420,0.365332759061842,6.04025471127741
2013,425,0.730665518123684,6.05208916892442
2014,14,0.403480900796804,2.63905732961526
2014,21,0.580737299020964,3.04452243772342
2014,22,0.201740450398402,3.09104245335832
2014,23,0.201740450398402,3.13549421592915
2014,24,0.580737299020964,3.17805383034795
2014,25,0.378996848622562,3.2188758248682
2014,26,0.757993697245123,3.25809653802148
2014,27,2.4572559775174,3.29583686600433
2014,28,1.18595865021617,3.3322045101752
2014,29,0.378996848622562,3.36729582998647
2014,30,0.403480900796804,3.40119738166216
2014,32,0.605221351195206,3.46573590279973
2014,34,1.36321504844033,3.52636052461616
2014,35,0.201740450398402,3.55534806148941
2014,37,1.13699054586768,3.61091791264422
2014,38,0.294973915863558,3.63758615972639
2014,40,2.47572154213377,3.68887945411394
2014,41,0.378996848622562,3.71357206670431
2014,42,0.378996848622562,3.73766961828337
2014,43,0.757993697245123,3.76120011569356
2014,44,0.403480900796804,3.78418963391826
2014,46,2.29846514390961,3.8286413964891
2014,47,0.757993697245123,3.85014760171006
2014,48,0.580737299020964,3.87120101090789
2014,49,0.378996848622562,3.89182029811063
2014,50,1.51598739449025,3.91202300542815
2014,51,1.49752182987388,3.93182563272433
2014,52,0.984218199817768,3.95124371858143
2014,53,1.05296761310868,3.97029191355212
2014,54,3.23973372693677,3.98898404656427
2014,55,0.201740450398402,4.00733318523247
2014,56,0.378996848622562,4.02535169073515
2014,57,0.782477749419366,4.04305126783455
2014,58,0.378996848622562,4.06044301054642
2014,60,4.55999915858649,4.0943445622221
2014,61,1.49752182987388,4.11087386417331
2014,62,0.782477749419366,4.12713438504509
2014,63,0.201740450398402,4.14313472639153
2014,64,0.201740450398402,4.15888308335967
2014,65,0.757993697245123,4.17438726989564
2014,66,0.782477749419366,4.18965474202643
2014,68,1.10193571745717,4.21950770517611
2014,69,0.378996848622562,4.23410650459726
2014,70,1.71772784488865,4.24849524204936
2014,71,0.378996848622562,4.26267987704132
2014,72,2.30448363146749,4.27666611901606
2014,73,0.378996848622562,4.29045944114839
2014,74,1.36321504844033,4.30406509320417
2014,75,2.27999957929324,4.31748811353631
2014,76,1.94395234746129,4.33073334028633
2014,78,1.94395234746129,4.35670882668959
2014,79,0.959734147643525,4.36944785246702
2014,80,2.83625282613996,4.38202663467388
2014,81,1.87651867849644,4.39444915467244
2014,82,4.4012083249787,4.40671924726425
2014,83,0.378996848622562,4.4188406077966
2014,84,1.36321504844033,4.43081679884331
2014,85,1.13699054586768,4.44265125649032
2014,86,1.16147459804193,4.45434729625351
2014,88,0.201740450398402,4.47733681447821
2014,90,1.91946829528705,4.49980967033027
2014,91,1.49752182987388,4.51085950651685
2014,92,2.68348048009005,4.52178857704904
2014,93,3.37404050837032,4.53259949315326
2014,94,3.45993974195154,4.54329478227
2014,95,0.757993697245123,4.55387689160054
2014,96,1.13699054586768,4.56434819146784
2014,97,0.378996848622562,4.57471097850338
2014,98,1.13699054586768,4.58496747867057
2014,99,0.959734147643525,4.59511985013459
2014,100,1.71772784488865,4.60517018598809
2014,101,0.757993697245123,4.61512051684126
2014,102,2.09672469351121,4.62497281328427
2014,103,0.757993697245123,4.63472898822964
2014,105,1.51598739449025,4.65396035015752
2014,106,2.29846514390961,4.66343909411207
2014,108,2.27999957929324,4.68213122712422
2014,109,2.83625282613996,4.69134788222914
2014,110,0.757993697245123,4.70048036579242
2014,112,1.90100273067068,4.71849887129509
2014,113,1.49752182987388,4.72738781871234
2014,114,0.984218199817768,4.7361984483945
2014,116,0.201740450398402,4.75359019110636
2014,117,0.378996848622562,4.76217393479776
2014,118,2.68348048009005,4.77068462446567
2014,119,1.49752182987388,4.77912349311153
2014,120,3.66168019234994,4.78749174278205
2014,121,3.75303735699288,4.79579054559674
2014,122,1.33873099626609,4.80402104473326
2014,123,2.10274318106908,4.81218435537242
2014,124,2.86073687831421,4.82028156560504
2014,125,1.49752182987388,4.8283137373023
2014,126,3.01350922436412,4.83628190695148
2014,127,1.51598739449025,4.84418708645859
2014,128,2.70194604470642,4.85203026391962
2014,129,0.378996848622562,4.85981240436167
2014,130,3.95477780739128,4.86753445045558
2014,131,0.403480900796804,4.87519732320115
2014,132,0.984218199817768,4.88280192258637
2014,133,0.403480900796804,4.89034912822175
2014,134,0.605221351195206,4.89783979995091
2014,136,2.1456927978597,4.91265488573605
2014,138,1.96843639963554,4.92725368515721
2014,139,1.16147459804193,4.93447393313069
2014,140,1.16147459804193,4.9416424226093
2014,141,0.378996848622562,4.94875989037817
2014,142,0.605221351195206,4.95582705760126
2014,143,0.201740450398402,4.96284463025991
2014,144,2.83625282613996,4.969813299576
2014,145,0.294973915863558,4.97673374242057
2014,146,0.580737299020964,4.98360662170834
2014,147,1.49752182987388,4.99043258677874
2014,148,1.51598739449025,4.99721227376411
2014,149,0.378996848622562,5.00394630594546
2014,150,1.18595865021617,5.01063529409626
2014,152,1.54047144666449,5.02388052084628
2014,153,0.378996848622562,5.03043792139244
2014,154,1.76669594923713,5.03695260241363
2014,155,1.49752182987388,5.04342511691925
2014,156,1.33873099626609,5.04985600724954
2014,157,1.87651867849644,5.05624580534831
2014,158,1.76669594923713,5.06259503302697
2014,160,0.782477749419366,5.07517381523383
2014,161,0.378996848622562,5.08140436498446
2014,162,1.33873099626609,5.08759633523238
2014,163,1.87651867849644,5.09375020080676
2014,164,0.403480900796804,5.0998664278242
2014,165,1.49752182987388,5.10594547390058
2014,166,0.959734147643525,5.11198778835654
2014,167,0.673970764486119,5.11799381241676
2014,169,1.49752182987388,5.12989871492307
2014,170,0.782477749419366,5.13579843705026
2014,172,2.27999957929324,5.14749447681345
2014,173,1.33873099626609,5.15329159449778
2014,174,0.580737299020964,5.15905529921453
2014,175,0.378996848622562,5.16478597392351
2014,176,1.21044270239041,5.17048399503815
2014,178,0.378996848622562,5.18178355029209
2014,179,1.13699054586768,5.18738580584075
2014,180,1.16147459804193,5.19295685089021
2014,182,2.27999957929324,5.2040066870768
2014,183,0.580737299020964,5.20948615284142
2014,184,2.10274318106908,5.21493575760899
2014,185,0.378996848622562,5.22035582507832
2014,186,0.201740450398402,5.2257466737132
2014,187,0.959734147643525,5.23110861685459
2014,188,0.959734147643525,5.23644196282995
2014,189,1.49752182987388,5.24174701505964
2014,190,1.74221189706289,5.24702407216049
2014,191,0.959734147643525,5.25227342804663
2014,192,0.403480900796804,5.25749537202778
2014,193,0.959734147643525,5.26269018890489
2014,194,1.54047144666449,5.26785815906333
2014,195,1.49752182987388,5.27299955856375
2014,196,0.757993697245123,5.27811465923052
2014,197,0.580737299020964,5.28320372873799
2014,199,0.294973915863558,5.29330482472449
2014,200,0.378996848622562,5.29831736654804
2014,202,0.959734147643525,5.30826769740121
2014,204,0.403480900796804,5.31811999384422
2014,206,0.201740450398402,5.32787616878958
2014,207,0.959734147643525,5.33271879326537
2014,208,0.580737299020964,5.33753807970132
2014,209,0.959734147643525,5.34233425196481
2014,210,0.782477749419366,5.34710753071747
2014,212,1.56495549883873,5.35658627467201
2014,213,0.378996848622562,5.36129216570943
2014,214,0.757993697245123,5.36597601502185
2014,215,0.201740450398402,5.37063802812766
2014,216,0.378996848622562,5.37527840768417
2014,218,1.90100273067068,5.38449506278909
2014,219,0.580737299020964,5.3890717298165
2014,220,0.806961801593608,5.39362754635236
2014,221,0.403480900796804,5.39816270151775
2014,222,0.782477749419366,5.40267738187228
2014,223,1.49752182987388,5.40717177146012
2014,224,2.4572559775174,5.41164605185504
2014,225,0.201740450398402,5.41610040220442
2014,226,0.959734147643525,5.42053499927229
2014,227,0.580737299020964,5.4249500174814
2014,228,2.07825912889484,5.42934562895444
2014,229,0.757993697245123,5.43372200355424
2014,230,1.56495549883873,5.4380793089232
2014,231,0.201740450398402,5.44241771052179
2014,232,0.201740450398402,5.44673737166631
2014,233,0.580737299020964,5.4510384535657
2014,234,0.201740450398402,5.4553211153577
2014,235,0.757993697245123,5.45958551414416
2014,236,0.201740450398402,5.46383180502561
2014,238,0.201740450398402,5.47227067367148
2014,239,0.378996848622562,5.47646355193151
2014,240,0.201740450398402,5.48063892334199
2014,241,0.580737299020964,5.48479693349065
2014,242,0.378996848622562,5.48893772615669
2014,246,1.49752182987388,5.50533153593236
2014,248,0.201740450398402,5.51342874616498
2014,250,0.378996848622562,5.52146091786225
2014,251,1.49752182987388,5.52545293913178
2014,252,0.201740450398402,5.52942908751142
2014,253,0.403480900796804,5.53338948872752
2014,255,0.403480900796804,5.54126354515843
2014,256,0.378996848622562,5.54517744447956
2014,257,0.378996848622562,5.54907608489522
2014,258,0.201740450398402,5.55295958492162
2014,260,1.18595865021617,5.56068163101553
2014,261,1.87651867849644,5.56452040732269
2014,262,2.27999957929324,5.5683445037611
2014,263,2.99504365974776,5.57215403217776
2014,264,0.403480900796804,5.57594910314632
2014,266,0.580737299020964,5.5834963087817
2014,267,0.201740450398402,5.58724865840025
2014,268,0.201740450398402,5.59098698051086
2014,270,1.16147459804193,5.59842195899838
2014,271,1.87651867849644,5.6021188208797
2014,272,0.605221351195206,5.605802066296
2014,274,0.403480900796804,5.61312810638807
2014,275,0.201740450398402,5.61677109766657
2014,276,0.201740450398402,5.62040086571715
2014,277,1.87651867849644,5.62401750618734
2014,278,3.37404050837032,5.62762111369064
2014,280,0.403480900796804,5.63478960316925
2014,284,1.33873099626609,5.64897423816121
2014,286,0.378996848622562,5.65599181081985
2014,288,0.580737299020964,5.66296048013595
2014,290,0.605221351195206,5.66988092298052
2014,291,1.49752182987388,5.67332326717149
2014,292,0.580737299020964,5.67675380226828
2014,293,0.378996848622562,5.68017260901707
2014,294,0.201740450398402,5.68357976733868
2014,296,0.201740450398402,5.69035945432406
2014,298,2.99504365974776,5.6970934865054
2014,300,0.806961801593608,5.7037824746562
2014,303,1.49752182987388,5.71373280550937
2014,304,0.201740450398402,5.71702770140622
2014,306,0.201740450398402,5.72358510195238
2014,310,0.757993697245123,5.73657229747919
2014,312,0.201740450398402,5.74300318780948
2014,313,0.201740450398402,5.74620319054015
2014,314,0.201740450398402,5.74939298590825
2014,316,0.378996848622562,5.75574221358691
2014,318,1.69926228027228,5.76205138278018
2014,320,0.580737299020964,5.76832099579377
2014,322,0.201740450398402,5.77455154554441
2014,323,0.378996848622562,5.77765232322266
2014,324,0.782477749419366,5.78074351579233
2014,326,0.378996848622562,5.78689738136671
2014,328,0.605221351195206,5.79301360838414
2014,329,0.201740450398402,5.79605775076537
2014,330,0.201740450398402,5.79909265446053
2014,331,0.201740450398402,5.80211837537706
2014,334,1.16147459804193,5.8111409929767
2014,335,0.201740450398402,5.81413053182507
2014,336,0.378996848622562,5.8171111599632
2014,337,0.378996848622562,5.82008293035236
2014,340,0.201740450398402,5.82894561761021
2014,344,0.580737299020964,5.8406416573734
2014,346,0.201740450398402,5.84643877505772
2014,348,0.378996848622562,5.85220247977447
2014,353,0.378996848622562,5.8664680569333
2014,354,0.378996848622562,5.86929691313377
2014,359,0.378996848622562,5.88332238848828
2014,361,0.201740450398402,5.88887795833288
2014,366,1.49752182987388,5.90263333340137
2014,368,0.201740450398402,5.90808293816893
2014,374,0.403480900796804,5.92425579741453
2014,376,0.201740450398402,5.92958914338989
2014,404,0.403480900796804,6.00141487796115
2014,446,0.201740450398402,6.10031895202006
2015,27,0.359748987526944,3.29583686600433
2015,29,0.359748987526944,3.36729582998647
2015,33,1.47395905752627,3.49650756146648
2015,34,0.359748987526944,3.52636052461616
2015,35,2.94791811505254,3.55534806148941
2015,36,2.04480810601457,3.58351893845611
2015,37,0.570849048488301,3.61091791264422
2015,38,1.68505911848763,3.63758615972639
2015,39,1.83370804505321,3.66356164612965
2015,41,0.211100060961357,3.71357206670431
2015,42,1.43899595010777,3.73766961828337
2015,44,1.89615917944898,3.78418963391826
2015,45,1.47395905752627,3.80666248977032
2015,46,2.17540647926981,3.8286413964891
2015,47,0.359748987526944,3.85014760171006
2015,49,1.68505911848763,3.89182029811063
2015,50,0.719497975053887,3.91202300542815
2015,51,2.40455709354151,3.93182563272433
2015,52,2.58069404708438,3.95124371858143
2015,53,0.719497975053887,3.97029191355212
2015,54,0.359748987526944,3.98898404656427
2015,55,2.04480810601457,4.00733318523247
2015,57,2.67810828889864,4.04305126783455
2015,58,2.91295500763404,4.06044301054642
2015,59,1.68505911848763,4.07753744390572
2015,60,1.50144708450355,4.0943445622221
2015,61,0.719497975053887,4.11087386417331
2015,63,1.83370804505321,4.14313472639153
2015,64,0.930598036015244,4.15888308335967
2015,65,4.51003735797434,4.17438726989564
2015,66,3.51876716354084,4.18965474202643
2015,67,1.79874493763472,4.20469261939097
2015,68,0.211100060961357,4.21950770517611
2015,69,0.359748987526944,4.23410650459726
2015,72,1.07924696258083,4.27666611901606
2015,73,1.07924696258083,4.29045944114839
2015,74,4.95776311364861,4.30406509320417
2015,75,1.06119640927049,4.31748811353631
2015,76,1.89615917944898,4.33073334028633
2015,77,0.719497975053887,4.34380542185368
2015,78,1.29034702354219,4.35670882668959
2015,79,0.719497975053887,4.36944785246702
2015,80,1.29034702354219,4.38202663467388
2015,82,5.16886317460997,4.40671924726425
2015,83,1.79874493763472,4.4188406077966
2015,84,4.23826513859473,4.43081679884331
2015,86,0.930598036015244,4.45434729625351
2015,87,1.07924696258083,4.46590811865458
2015,88,1.68505911848763,4.47733681447821
2015,89,0.570849048488301,4.48863636973214
2015,90,5.03534782617502,4.49980967033027
2015,91,1.86119607203049,4.51085950651685
2015,92,3.10600451528506,4.52178857704904
2015,94,3.97415141690453,4.54329478227
2015,95,1.47395905752627,4.55387689160054
2015,96,0.719497975053887,4.56434819146784
2015,98,2.5532060201071,4.58496747867057
2015,99,2.19345703258016,4.59511985013459
2015,100,0.719497975053887,4.60517018598809
2015,101,0.359748987526944,4.61512051684126
2015,102,0.570849048488301,4.62497281328427
2015,103,2.19345703258016,4.63472898822964
2015,104,2.5532060201071,4.64439089914137
2015,105,3.6949041170837,4.65396035015752
2015,106,4.23826513859473,4.66343909411207
2015,107,0.930598036015244,4.67282883446191
2015,108,0.570849048488301,4.68213122712422
2015,109,1.43899595010777,4.69134788222914
2015,110,3.37011823697525,4.70048036579242
2015,112,1.83370804505321,4.71849887129509
2015,113,3.63245298268793,4.72738781871234
2015,114,3.28961654926914,4.7361984483945
2015,115,0.719497975053887,4.74493212836325
2015,116,0.211100060961357,4.75359019110636
2015,117,0.359748987526944,4.76217393479776
2015,118,4.74666305268726,4.77068462446567
2015,119,2.5532060201071,4.77912349311153
2015,120,2.00984499859607,4.78749174278205
2015,121,1.07924696258083,4.79579054559674
2015,122,4.02716507763337,4.80402104473326
2015,123,1.47395905752627,4.81218435537242
2015,124,0.570849048488301,4.82028156560504
2015,125,4.78162616010575,4.8283137373023
2015,126,1.47395905752627,4.83628190695148
2015,127,0.719497975053887,4.84418708645859
2015,128,1.83370804505321,4.85203026391962
2015,129,0.552798495177958,4.85981240436167
2015,130,1.83370804505321,4.86753445045558
2015,131,0.719497975053887,4.87519732320115
2015,132,3.1240550685954,4.88280192258637
2015,133,1.07924696258083,4.89034912822175
2015,134,1.43899595010777,4.89783979995091
2015,135,0.359748987526944,4.90527477843843
2015,136,0.912547482704901,4.91265488573605
2015,137,0.359748987526944,4.91998092582813
2015,138,1.43899595010777,4.92725368515721
2015,141,0.211100060961357,4.94875989037817
2015,144,3.27270399516099,4.969813299576
2015,145,0.359748987526944,4.97673374242057
2015,146,0.552798495177958,4.98360662170834
2015,147,0.719497975053887,4.99043258677874
2015,148,0.359748987526944,4.99721227376411
2015,149,1.47395905752627,5.00394630594546
2015,150,0.211100060961357,5.01063529409626
2015,152,5.50112413515964,5.02388052084628
2015,153,0.359748987526944,5.03043792139244
2015,154,1.83370804505321,5.03695260241363
2015,155,0.719497975053887,5.04342511691925
2015,156,0.570849048488301,5.04985600724954
2015,157,0.359748987526944,5.05624580534831
2015,158,0.719497975053887,5.06259503302697
2015,159,1.42094539679743,5.06890420222023
2015,160,1.86119607203049,5.07517381523383
2015,161,1.83370804505321,5.08140436498446
2015,163,0.570849048488301,5.09375020080676
2015,165,1.83370804505321,5.10594547390058
2015,166,0.719497975053887,5.11198778835654
2015,167,1.83370804505321,5.11799381241676
2015,168,1.47395905752627,5.12396397940326
2015,169,0.359748987526944,5.12989871492307
2015,170,1.1416980969766,5.13579843705026
2015,171,2.19345703258016,5.14166355650266
2015,173,0.359748987526944,5.15329159449778
2015,183,0.359748987526944,5.20948615284142
2015,184,0.719497975053887,5.21493575760899
2015,187,0.359748987526944,5.23110861685459
2015,188,1.68505911848763,5.23644196282995
2015,189,0.359748987526944,5.24174701505964
2015,193,2.94791811505254,5.26269018890489
2015,194,0.359748987526944,5.26785815906333
2015,195,2.94791811505254,5.27299955856375
2015,197,1.07924696258083,5.28320372873799
2015,199,0.359748987526944,5.29330482472449
2015,200,0.359748987526944,5.29831736654804
2015,206,0.359748987526944,5.32787616878958
2015,208,2.5532060201071,5.33753807970132
2015,211,0.719497975053887,5.35185813347607
2015,212,0.359748987526944,5.35658627467201
2015,214,0.359748987526944,5.36597601502185
2015,215,0.359748987526944,5.37063802812766
2015,216,0.211100060961357,5.37527840768417
2015,220,2.04480810601457,5.39362754635236
2015,224,0.719497975053887,5.41164605185504
2015,226,0.211100060961357,5.42053499927229
2015,227,0.719497975053887,5.4249500174814
2015,228,0.359748987526944,5.42934562895444
2015,230,0.359748987526944,5.4380793089232
2015,234,0.570849048488301,5.4553211153577
2015,238,1.47395905752627,5.47227067367148
2015,241,0.719497975053887,5.48479693349065
2015,242,0.359748987526944,5.48893772615669
2015,246,0.359748987526944,5.50533153593236
2015,248,1.47395905752627,5.51342874616498
2015,249,0.359748987526944,5.51745289646471
2015,250,0.359748987526944,5.52146091786225
2015,252,0.211100060961357,5.52942908751142
2015,255,0.719497975053887,5.54126354515843
2015,258,0.359748987526944,5.55295958492162
2015,261,1.47395905752627,5.56452040732269
2015,279,0.570849048488301,5.63121178182137
2015,282,0.359748987526944,5.64190707093811
2015,286,0.359748987526944,5.65599181081985
2015,293,0.359748987526944,5.68017260901707
2015,315,0.359748987526944,5.75257263882563
2015,333,0.211100060961357,5.80814248998044
2015,478,0.211100060961357,6.16961073249146
2016,25,1.46005268325434,3.2188758248682
2016,26,0.363554352567093,3.25809653802148
2016,27,0.72890496116982,3.29583686600433
2016,28,1.66126247810524,3.3322045101752
2016,29,0.363554352567093,3.36729582998647
2016,30,0.201209794850902,3.40119738166216
2016,31,1.82540329185707,3.43398720448515
2016,32,1.09066305770128,3.46573590279973
2016,33,1.82360703582144,3.49650756146648
2016,34,1.65542720511927,3.52636052461616
2016,35,0.727108705134186,3.55534806148941
2016,36,2.91427009352271,3.58351893845611
2016,37,0.363554352567093,3.61091791264422
2016,38,2.38837118323943,3.63758615972639
2016,39,0.201209794850902,3.66356164612965
2016,40,2.38837118323943,3.68887945411394
2016,41,0.201209794850902,3.71357206670431
2016,42,4.00852566329526,3.73766961828337
2016,43,1.09245931373691,3.76120011569356
2016,44,0.765973942268896,3.78418963391826
2016,45,3.64497131072817,3.80666248977032
2016,46,1.33073808968689,3.8286413964891
2016,47,1.09066305770128,3.85014760171006
2016,48,1.65542720511927,3.87120101090789
2016,49,1.82540329185707,3.89182029811063
2016,50,2.42723642037414,3.91202300542815
2016,51,0.727108705134186,3.93182563272433
2016,52,4.37432277677706,3.95124371858143
2016,53,2.18716138838853,3.97029191355212
2016,54,0.564764147417995,3.98898404656427
2016,55,0.928318499985087,4.00733318523247
2016,56,1.85663699997017,4.02535169073515
2016,58,0.201209794850902,4.06044301054642
2016,60,1.82360703582144,4.0943445622221
2016,61,0.564764147417995,4.11087386417331
2016,62,1.29187285255218,4.12713438504509
2016,63,1.09245931373691,4.14313472639153
2016,64,7.89805752783845,4.15888308335967
2016,65,9.12566670812878,4.17438726989564
2016,66,2.26489186265795,4.18965474202643
2016,68,2.75192553580652,4.21950770517611
2016,69,1.12952829483599,4.23410650459726
2016,70,1.86247227295615,4.24849524204936
2016,71,0.765973942268896,4.26267987704132
2016,72,1.1683935319707,4.27666611901606
2016,73,1.09066305770128,4.29045944114839
2016,74,1.09066305770128,4.30406509320417
2016,76,0.727108705134186,4.33073334028633
2016,78,2.22602662552324,4.35670882668959
2016,79,1.09066305770128,4.36944785246702
2016,80,1.09066305770128,4.38202663467388
2016,81,0.201209794850902,4.39444915467244
2016,82,3.15434512550833,4.40671924726425
2016,83,1.46005268325434,4.4188406077966
2016,84,0.363554352567093,4.43081679884331
2016,85,0.727108705134186,4.44265125649032
2016,86,0.363554352567093,4.45434729625351
2016,87,3.28365971907578,4.46590811865458
2016,88,0.201209794850902,4.47733681447821
2016,89,2.91427009352271,4.48863636973214
2016,90,1.69429244225398,4.49980967033027
2016,91,0.564764147417995,4.51085950651685
2016,92,0.804839179403607,4.52178857704904
2016,94,2.95313533065743,4.54329478227
2016,95,1.12952829483599,4.55387689160054
2016,96,2.22602662552324,4.56434819146784
2016,97,0.564764147417995,4.57471097850338
2016,98,1.82360703582144,4.58496747867057
2016,99,0.201209794850902,4.59511985013459
2016,100,3.27782444608981,4.60517018598809
2016,101,0.564764147417995,4.61512051684126
2016,102,1.12952829483599,4.62497281328427
2016,103,1.82360703582144,4.63472898822964
2016,104,1.49308264740308,4.64439089914137
2016,105,1.66126247810524,4.65396035015752
2016,106,3.48486951392668,4.66343909411207
2016,108,2.01898155768637,4.68213122712422
2016,109,0.727108705134186,4.69134788222914
2016,110,1.3696033268216,4.70048036579242
2016,111,0.363554352567093,4.70953020131233
2016,112,5.30847654974812,4.71849887129509
2016,113,0.564764147417995,4.72738781871234
2016,114,0.928318499985087,4.7361984483945
2016,115,1.66126247810524,4.74493212836325
2016,116,1.1683935319707,4.75359019110636
2016,118,0.603629384552706,4.77068462446567
2016,119,1.66126247810524,4.77912349311153
2016,120,1.69429244225398,4.78749174278205
2016,121,0.363554352567093,4.79579054559674
2016,122,0.564764147417995,4.80402104473326
2016,123,4.78257763946483,4.81218435537242
2016,124,2.22782288155887,4.82028156560504
2016,125,0.564764147417995,4.8283137373023
2016,126,1.69429244225398,4.83628190695148
2016,127,1.46005268325434,4.84418708645859
2016,128,0.765973942268896,4.85203026391962
2016,129,0.564764147417995,4.85981240436167
2016,130,1.46005268325434,4.86753445045558
2016,131,0.363554352567093,4.87519732320115
2016,132,0.363554352567093,4.88280192258637
2016,133,0.201209794850902,4.89034912822175
2016,134,1.85663699997017,4.89783979995091
2016,136,2.58958097809033,4.91265488573605
2016,137,1.53194788453779,4.91998092582813
2016,138,1.29187285255218,4.92725368515721
2016,140,1.1683935319707,4.9416424226093
2016,141,0.727108705134186,4.94875989037817
2016,142,2.42723642037414,4.95582705760126
2016,144,0.727108705134186,4.969813299576
2016,145,0.727108705134186,4.97673374242057
2016,146,1.29187285255218,4.98360662170834
2016,147,0.201209794850902,4.99043258677874
2016,148,0.201209794850902,4.99721227376411
2016,149,1.66126247810524,5.00394630594546
2016,150,3.12131516135959,5.01063529409626
2016,152,2.02481683067234,5.02388052084628
2016,154,2.38837118323943,5.03695260241363
2016,155,0.564764147417995,5.04342511691925
2016,156,1.00604897425451,5.04985600724954
2016,157,2.38837118323943,5.05624580534831
2016,158,1.46005268325434,5.06259503302697
2016,159,0.201209794850902,5.06890420222023
2016,160,0.804839179403607,5.07517381523383
2016,162,0.402419589701804,5.08759633523238
2016,163,1.66126247810524,5.09375020080676
2016,164,1.46005268325434,5.0998664278242
2016,165,1.09066305770128,5.10594547390058
2016,167,0.363554352567093,5.11799381241676
2016,168,0.603629384552706,5.12396397940326
2016,169,1.82360703582144,5.12989871492307
2016,170,2.02481683067234,5.13579843705026
2016,171,0.201209794850902,5.14166355650266
2016,172,0.201209794850902,5.14749447681345
2016,173,0.201209794850902,5.15329159449778
2016,174,1.86247227295615,5.15905529921453
2016,175,0.363554352567093,5.16478597392351
2016,176,0.603629384552706,5.17048399503815
2016,180,0.928318499985087,5.19295685089021
2016,183,0.564764147417995,5.20948615284142
2016,184,1.46005268325434,5.21493575760899
2016,185,0.727108705134186,5.22035582507832
2016,188,0.564764147417995,5.23644196282995
2016,189,1.82360703582144,5.24174701505964
2016,190,0.564764147417995,5.24702407216049
2016,191,0.201209794850902,5.25227342804663
2016,193,0.727108705134186,5.26269018890489
2016,194,0.363554352567093,5.26785815906333
2016,195,0.727108705134186,5.27299955856375
2016,196,0.402419589701804,5.27811465923052
2016,198,0.967183737119798,5.28826703069454
2016,200,2.02481683067234,5.29831736654804
2016,201,0.363554352567093,5.30330490805908
2016,202,1.82360703582144,5.30826769740121
2016,204,0.201209794850902,5.31811999384422
2016,205,2.02481683067234,5.32300997913841
2016,206,0.201209794850902,5.32787616878958
2016,209,0.201209794850902,5.34233425196481
2016,210,0.201209794850902,5.34710753071747
2016,212,0.363554352567093,5.35658627467201
2016,214,0.363554352567093,5.36597601502185
2016,215,0.727108705134186,5.37063802812766
2016,216,0.402419589701804,5.37527840768417
2016,217,1.46005268325434,5.37989735354046
2016,218,0.727108705134186,5.38449506278909
2016,220,2.02481683067234,5.39362754635236
2016,221,0.363554352567093,5.39816270151775
2016,223,1.46005268325434,5.40717177146012
2016,226,0.928318499985087,5.42053499927229
2016,227,1.46005268325434,5.4249500174814
2016,229,0.363554352567093,5.43372200355424
2016,230,0.402419589701804,5.4380793089232
2016,231,0.363554352567093,5.44241771052179
2016,232,0.402419589701804,5.44673737166631
2016,233,0.201209794850902,5.4510384535657
2016,237,0.201209794850902,5.46806014113513
2016,238,1.82360703582144,5.47227067367148
2016,240,1.46005268325434,5.48063892334199
2016,242,0.363554352567093,5.48893772615669
2016,243,0.201209794850902,5.49306144334055
2016,244,0.363554352567093,5.4971682252932
2016,246,0.201209794850902,5.50533153593236
2016,248,0.363554352567093,5.51342874616498
2016,250,0.402419589701804,5.52146091786225
2016,253,0.363554352567093,5.53338948872752
2016,258,0.402419589701804,5.55295958492162
2016,259,0.201209794850902,5.55682806169954
2016,260,0.804839179403607,5.56068163101553
2016,262,0.363554352567093,5.5683445037611
2016,264,0.564764147417995,5.57594910314632
2016,265,0.201209794850902,5.57972982598622
2016,266,0.201209794850902,5.5834963087817
2016,271,0.727108705134186,5.6021188208797
2016,275,0.727108705134186,5.61677109766657
2016,277,0.201209794850902,5.62401750618734
2016,280,0.201209794850902,5.63478960316925
2016,281,0.363554352567093,5.63835466933375
2016,282,0.564764147417995,5.64190707093811
2016,283,0.201209794850902,5.64544689764324
2016,286,0.201209794850902,5.65599181081985
2016,288,0.967183737119798,5.66296048013595
2016,290,0.804839179403607,5.66988092298052
2016,292,0.402419589701804,5.67675380226828
2016,302,0.201209794850902,5.71042701737487
2016,304,0.201209794850902,5.71702770140622
2016,305,1.46005268325434,5.72031177660741
2016,311,1.46005268325434,5.73979291217923
2016,313,0.363554352567093,5.74620319054015
2016,317,0.201209794850902,5.75890177387728
2016,320,0.201209794850902,5.76832099579377
2016,326,0.201209794850902,5.78689738136671
2016,329,0.363554352567093,5.79605775076537
2016,340,0.201209794850902,5.82894561761021
2016,350,0.363554352567093,5.85793315448346
2016,354,0.201209794850902,5.86929691313377
2016,356,0.201209794850902,5.87493073085203
2016,369,0.402419589701804,5.91079664404053
2017,26,0.32470296235766,3.25809653802148
2017,30,0.32470296235766,3.40119738166216
2017,33,1.40948108836732,3.49650756146648
2017,34,0.205386743291199,3.52636052461616
2017,37,0.42551646488943,3.61091791264422
2017,41,1.05641967307006,3.71357206670431
2017,42,0.836289951471828,3.73766961828337
2017,44,0.85103292977886,3.78418963391826
2017,45,1.70206585955772,3.80666248977032
2017,46,0.616160229873597,3.8286413964891
2017,47,1.27654939466829,3.85014760171006
2017,48,2.04038429654794,3.87120101090789
2017,49,1.61486783165851,3.89182029811063
2017,50,1.05641967307006,3.91202300542815
2017,51,1.27654939466829,3.93182563272433
2017,52,0.630903208180629,3.95124371858143
2017,53,0.85103292977886,3.97029191355212
2017,54,1.05641967307006,3.98898404656427
2017,55,1.40948108836732,4.00733318523247
2017,56,3.24447864162406,4.02535169073515
2017,57,0.85103292977886,4.04305126783455
2017,58,0.630903208180629,4.06044301054642
2017,59,1.89270962454189,4.07753744390572
2017,60,3.72770717779863,4.0943445622221
2017,61,1.27654939466829,4.11087386417331
2017,62,0.205386743291199,4.12713438504509
2017,63,0.42551646488943,4.14313472639153
2017,64,1.05641967307006,4.15888308335967
2017,65,0.42551646488943,4.17438726989564
2017,66,2.12758232444715,4.18965474202643
2017,67,0.85103292977886,4.20469261939097
2017,68,1.68732288125069,4.21950770517611
2017,69,1.27654939466829,4.23410650459726
2017,70,0.410773486582398,4.24849524204936
2017,71,1.40948108836732,4.26267987704132
2017,72,3.18400199751721,4.27666611901606
2017,73,0.85103292977886,4.29045944114839
2017,74,2.68603048303561,4.30406509320417
2017,75,1.68732288125069,4.31748811353631
2017,76,0.42551646488943,4.33073334028633
2017,77,4.28615533638709,4.34380542185368
2017,78,5.20964331575812,4.35670882668959
2017,80,4.56399712927046,4.38202663467388
2017,81,0.42551646488943,4.39444915467244
2017,82,1.27654939466829,4.40671924726425
2017,83,1.61486783165851,4.4188406077966
2017,84,0.616160229873597,4.43081679884331
2017,85,0.410773486582398,4.44265125649032
2017,86,0.42551646488943,4.45434729625351
2017,87,1.27654939466829,4.46590811865458
2017,88,1.27654939466829,4.47733681447821
2017,89,1.90745260284892,4.48863636973214
2017,90,1.27654939466829,4.49980967033027
2017,91,0.85103292977886,4.51085950651685
2017,92,2.11283934614012,4.52178857704904
2017,93,2.11283934614012,4.53259949315326
2017,94,1.48193613795949,4.54329478227
2017,95,1.83499755325675,4.55387689160054
2017,96,1.90745260284892,4.56434819146784
2017,97,4.59348308588453,4.57471097850338
2017,98,2.08335338952605,4.58496747867057
2017,99,1.27654939466829,4.59511985013459
2017,100,0.940863192231257,4.60517018598809
2017,101,1.48193613795949,4.61512051684126
2017,102,1.90745260284892,4.62497281328427
2017,103,0.75021942724709,4.63472898822964
2017,104,2.45228528680481,4.64439089914137
2017,105,0.85103292977886,4.65396035015752
2017,106,2.46590076143737,4.66343909411207
2017,107,0.630903208180629,4.67282883446191
2017,108,1.26180641636126,4.68213122712422
2017,109,0.205386743291199,4.69134788222914
2017,110,1.26180641636126,4.70048036579242
2017,111,0.630903208180629,4.70953020131233
2017,112,2.12758232444715,4.71849887129509
2017,113,2.04038429654794,4.72738781871234
2017,114,0.42551646488943,4.7361984483945
2017,115,0.85103292977886,4.74493212836325
2017,116,3.94783689939686,4.75359019110636
2017,117,0.205386743291199,4.76217393479776
2017,118,1.46719315965246,4.77068462446567
2017,119,0.42551646488943,4.77912349311153
2017,120,0.42551646488943,4.78749174278205
2017,121,0.205386743291199,4.79579054559674
2017,122,1.05641967307006,4.80402104473326
2017,123,0.85103292977886,4.81218435537242
2017,124,0.205386743291199,4.82028156560504
2017,126,0.42551646488943,4.83628190695148
2017,128,1.24706343805423,4.85203026391962
2017,129,0.85103292977886,4.85981240436167
2017,130,1.48193613795949,4.86753445045558
2017,132,1.48193613795949,4.88280192258637
2017,133,0.836289951471828,4.89034912822175
2017,134,0.616160229873597,4.89783979995091
2017,135,1.05641967307006,4.90527477843843
2017,136,1.90745260284892,4.91265488573605
2017,137,0.630903208180629,4.91998092582813
2017,138,1.27654939466829,4.92725368515721
2017,139,0.205386743291199,4.93447393313069
2017,140,4.1679666209951,4.9416424226093
2017,142,2.75848553262778,4.95582705760126
2017,144,0.42551646488943,4.969813299576
2017,145,1.40948108836732,4.97673374242057
2017,146,0.836289951471828,4.98360662170834
2017,147,0.205386743291199,4.99043258677874
2017,149,0.630903208180629,5.00394630594546
2017,151,0.85103292977886,5.01727983681492
2017,152,0.630903208180629,5.02388052084628
2017,153,0.42551646488943,5.03043792139244
2017,154,1.90745260284892,5.03695260241363
2017,155,1.48193613795949,5.04342511691925
2017,156,0.410773486582398,5.04985600724954
2017,158,0.42551646488943,5.06259503302697
2017,160,0.205386743291199,5.07517381523383
2017,161,0.42551646488943,5.08140436498446
2017,163,0.205386743291199,5.09375020080676
2017,164,0.42551646488943,5.0998664278242
2017,165,0.85103292977886,5.10594547390058
2017,167,0.42551646488943,5.11799381241676
2017,170,0.42551646488943,5.13579843705026
2017,172,2.53835581102955,5.14749447681345
2017,174,0.85103292977886,5.15905529921453
2017,176,1.05641967307006,5.17048399503815
2017,180,0.630903208180629,5.19295685089021
2017,181,0.42551646488943,5.19849703126583
2017,182,0.205386743291199,5.2040066870768
2017,183,1.46719315965246,5.20948615284142
2017,185,0.205386743291199,5.22035582507832
2017,186,1.05641967307006,5.2257466737132
2017,188,0.205386743291199,5.23644196282995
2017,189,1.83499755325675,5.24174701505964
2017,191,0.205386743291199,5.25227342804663
2017,192,0.42551646488943,5.25749537202778
2017,193,0.42551646488943,5.26269018890489
2017,194,0.42551646488943,5.26785815906333
2017,196,0.42551646488943,5.27811465923052
2017,197,0.42551646488943,5.28320372873799
2017,198,0.205386743291199,5.28826703069454
2017,199,1.61486783165851,5.29330482472449
2017,200,1.83499755325675,5.29831736654804
2017,202,0.630903208180629,5.30826769740121
2017,203,1.05641967307006,5.31320597904179
2017,204,0.42551646488943,5.31811999384422
2017,208,0.85103292977886,5.33753807970132
2017,209,0.630903208180629,5.34233425196481
2017,210,0.630903208180629,5.34710753071747
2017,211,0.205386743291199,5.35185813347607
2017,212,0.205386743291199,5.35658627467201
2017,213,0.85103292977886,5.36129216570943
2017,215,0.205386743291199,5.37063802812766
2017,218,0.821546973164796,5.38449506278909
2017,220,0.630903208180629,5.39362754635236
2017,222,0.836289951471828,5.40267738187228
2017,224,0.630903208180629,5.41164605185504
2017,226,0.42551646488943,5.42053499927229
2017,232,1.83499755325675,5.44673737166631
2017,235,0.205386743291199,5.45958551414416
2017,236,1.40948108836732,5.46383180502561
2017,240,1.05641967307006,5.48063892334199
2017,241,0.85103292977886,5.48479693349065
2017,242,0.85103292977886,5.48893772615669
2017,243,0.42551646488943,5.49306144334055
2017,253,0.410773486582398,5.53338948872752
2017,254,0.410773486582398,5.53733426701854
2017,258,0.205386743291199,5.55295958492162
2017,260,0.205386743291199,5.56068163101553
2017,261,0.205386743291199,5.56452040732269
2017,267,0.205386743291199,5.58724865840025
2017,282,1.40948108836732,5.64190707093811
2017,284,0.42551646488943,5.64897423816121
2017,286,0.42551646488943,5.65599181081985
2017,295,0.42551646488943,5.68697535633982
2017,309,0.85103292977886,5.73334127689775
2017,310,0.205386743291199,5.73657229747919
2018,31,0.390799463009229,3.43398720448515
2018,32,0.390799463009229,3.46573590279973
2018,33,0.781598926018458,3.49650756146648
2018,34,0.390799463009229,3.52636052461616
2018,35,1.56319785203692,3.55534806148941
2018,36,0.587213355797167,3.58351893845611
2018,37,2.19380346696799,3.61091791264422
2018,38,1.17239838902769,3.63758615972639
2018,39,0.781598926018458,3.66356164612965
2018,40,1.56319785203692,3.68887945411394
2018,41,1.56522617460356,3.71357206670431
2018,42,0.587213355797167,3.73766961828337
2018,43,2.19380346696799,3.76120011569356
2018,44,1.7715282935709,3.78418963391826
2018,45,0.196413892787938,3.80666248977032
2018,46,3.56261574878362,3.8286413964891
2018,49,0.390799463009229,3.89182029811063
2018,50,2.58663125254387,3.91202300542815
2018,51,1.17239838902769,3.93182563272433
2018,52,0.390799463009229,3.95124371858143
2018,53,1.80300400395876,3.97029191355212
2018,54,1.36881228181563,3.98898404656427
2018,55,0.390799463009229,4.00733318523247
2018,56,2.34479677805538,4.02535169073515
2018,57,0.196413892787938,4.04305126783455
2018,58,1.56725449717021,4.06044301054642
2018,59,0.783627248585105,4.07753744390572
2018,60,1.7616400673915,4.0943445622221
2018,61,0.390799463009229,4.11087386417331
2018,62,2.15243953040073,4.12713438504509
2018,64,1.7715282935709,4.15888308335967
2018,65,1.17442671159433,4.17438726989564
2018,66,1.56522617460356,4.18965474202643
2018,67,0.781598926018458,4.20469261939097
2018,68,0.989929367552446,4.21950770517611
2018,69,2.58460292997722,4.23410650459726
2018,70,2.16435607914678,4.24849524204936
2018,71,2.19380346696799,4.26267987704132
2018,72,0.587213355797167,4.27666611901606
2018,73,3.71969402757094,4.29045944114839
2018,74,1.80503232652541,4.30406509320417
2018,75,3.36823017856233,4.31748811353631
2018,76,1.7616400673915,4.33073334028633
2018,77,1.56319785203692,4.34380542185368
2018,78,1.95399731504615,4.35670882668959
2018,79,0.978012818806396,4.36944785246702
2018,80,4.35613122354813,4.38202663467388
2018,81,0.781598926018458,4.39444915467244
2018,82,0.587213355797167,4.40671924726425
2018,83,1.17442671159433,4.4188406077966
2018,84,0.781598926018458,4.43081679884331
2018,85,0.781598926018458,4.44265125649032
2018,86,2.15041120783408,4.45434729625351
2018,87,0.587213355797167,4.46590811865458
2018,88,1.60861843373747,4.47733681447821
2018,89,1.41220454094953,4.48863636973214
2018,90,2.19380346696799,4.49980967033027
2018,91,1.75961174482485,4.51085950651685
2018,92,1.9994178967467,4.52178857704904
2018,93,1.36881228181563,4.53259949315326
2018,94,1.80503232652541,4.54329478227
2018,95,0.390799463009229,4.55387689160054
2018,96,1.18634326034038,4.56434819146784
2018,97,2.39021735975593,4.57471097850338
2018,98,2.58460292997722,4.58496747867057
2018,99,2.78304514533181,4.59511985013459
2018,100,3.37025850112897,4.60517018598809
2018,101,1.41220454094953,4.61512051684126
2018,102,1.57511440078297,4.62497281328427
2018,103,0.978012818806396,4.63472898822964
2018,104,1.95602563761279,4.64439089914137
2018,105,2.78101682276516,4.65396035015752
2018,106,2.9774307155531,4.66343909411207
2018,107,0.196413892787938,4.67282883446191
2018,108,4.75301565425729,4.68213122712422
2018,109,1.9994178967467,4.69134788222914
2018,110,1.37084060438227,4.70048036579242
2018,111,1.41220454094953,4.70953020131233
2018,112,0.783627248585105,4.71849887129509
2018,113,0.783627248585105,4.72738781871234
2018,114,1.37084060438227,4.7361984483945
2018,115,0.980041141373043,4.74493212836325
2018,116,0.392827785575875,4.75359019110636
2018,117,1.17239838902769,4.76217393479776
2018,118,1.7616400673915,4.77068462446567
2018,119,0.392827785575875,4.77912349311153
2018,120,1.95602563761279,4.78749174278205
2018,121,0.589241678363813,4.79579054559674
2018,122,1.41220454094953,4.80402104473326
2018,123,2.9774307155531,4.81218435537242
2018,124,2.54121067084331,4.82028156560504
2018,125,0.390799463009229,4.8283137373023
2018,126,0.587213355797167,4.83628190695148
2018,128,2.58663125254387,4.85203026391962
2018,129,0.390799463009229,4.85981240436167
2018,130,6.00028201280675,4.86753445045558
2018,132,0.390799463009229,4.88280192258637
2018,134,1.5713111423035,4.89783979995091
2018,135,0.390799463009229,4.90527477843843
2018,136,1.56522617460356,4.91265488573605
2018,137,1.80300400395876,4.91998092582813
2018,138,1.80300400395876,4.92725368515721
2018,139,0.781598926018458,4.93447393313069
2018,140,4.38963525650263,4.9416424226093
2018,142,1.80503232652541,4.95582705760126
2018,144,0.196413892787938,4.969813299576
2018,145,1.37084060438227,4.97673374242057
2018,146,2.19583178953464,4.98360662170834
2018,147,1.37084060438227,4.99043258677874
2018,148,1.17442671159433,4.99721227376411
2018,149,1.80300400395876,5.00394630594546
2018,150,2.39427400488922,5.01063529409626
2018,151,1.60861843373747,5.01727983681492
2018,152,0.783627248585105,5.02388052084628
2018,153,1.60861843373747,5.03043792139244
2018,154,2.19786011210128,5.03695260241363
2018,155,0.587213355797167,5.04342511691925
2018,156,0.390799463009229,5.04985600724954
2018,157,0.390799463009229,5.05624580534831
2018,159,0.390799463009229,5.06890420222023
2018,160,1.60861843373747,5.07517381523383
2018,161,0.390799463009229,5.08140436498446
2018,163,0.392827785575875,5.09375020080676
2018,165,0.390799463009229,5.10594547390058
2018,166,1.80300400395876,5.11198778835654
2018,167,0.392827785575875,5.11799381241676
2018,168,0.390799463009229,5.12396397940326
2018,169,0.392827785575875,5.12989871492307
2018,170,1.17442671159433,5.13579843705026
2018,171,0.587213355797167,5.14166355650266
2018,172,1.37084060438227,5.14749447681345
2018,173,0.781598926018458,5.15329159449778
2018,174,3.21723686747494,5.15905529921453
2018,177,0.781598926018458,5.17614973257383
2018,178,0.781598926018458,5.18178355029209
2018,180,0.587213355797167,5.19295685089021
2018,181,1.9994178967467,5.19849703126583
2018,183,0.978012818806396,5.20948615284142
2018,184,2.19380346696799,5.21493575760899
2018,185,1.17442671159433,5.22035582507832
2018,186,0.587213355797167,5.2257466737132
2018,189,0.390799463009229,5.24174701505964
2018,192,0.390799463009229,5.25749537202778
2018,193,1.41220454094953,5.26269018890489
2018,194,1.56522617460356,5.26785815906333
2018,195,0.390799463009229,5.27299955856375
2018,197,0.587213355797167,5.28320372873799
2018,198,2.19583178953464,5.28826703069454
2018,199,1.41220454094953,5.29330482472449
2018,200,3.2152085449083,5.29831736654804
2018,203,0.980041141373043,5.31320597904179
2018,204,0.390799463009229,5.31811999384422
2018,205,0.587213355797167,5.32300997913841
2018,206,0.196413892787938,5.32787616878958
2018,208,0.196413892787938,5.33753807970132
2018,212,0.196413892787938,5.35658627467201
2018,215,1.80503232652541,5.37063802812766
2018,216,0.392827785575875,5.37527840768417
2018,217,0.390799463009229,5.37989735354046
2018,218,1.41220454094953,5.38449506278909
2018,220,0.599129904543217,5.39362754635236
2018,221,1.80300400395876,5.39816270151775
2018,223,1.60861843373747,5.40717177146012
2018,224,0.390799463009229,5.41164605185504
2018,225,0.587213355797167,5.41610040220442
2018,226,1.41220454094953,5.42053499927229
2018,228,0.589241678363813,5.42934562895444
2018,229,0.390799463009229,5.43372200355424
2018,232,0.196413892787938,5.44673737166631
2018,233,0.390799463009229,5.4510384535657
2018,236,1.80503232652541,5.46383180502561
2018,237,0.390799463009229,5.46806014113513
2018,238,0.402716011755279,5.47227067367148
2018,239,0.390799463009229,5.47646355193151
2018,243,1.41220454094953,5.49306144334055
2018,244,1.17239838902769,5.4971682252932
2018,247,0.196413892787938,5.50938833662798
2018,248,0.196413892787938,5.51342874616498
2018,250,0.196413892787938,5.52146091786225
2018,253,0.978012818806396,5.53338948872752
2018,254,0.196413892787938,5.53733426701854
2018,257,0.781598926018458,5.54907608489522
2018,260,0.783627248585105,5.56068163101553
2018,264,1.41220454094953,5.57594910314632
2018,265,0.196413892787938,5.57972982598622
2018,266,0.196413892787938,5.5834963087817
2018,270,0.390799463009229,5.59842195899838
2018,272,0.196413892787938,5.605802066296
2018,274,0.390799463009229,5.61312810638807
2018,275,0.196413892787938,5.61677109766657
2018,282,0.196413892787938,5.64190707093811
2018,283,0.196413892787938,5.64544689764324
2018,295,0.196413892787938,5.68697535633982
2018,296,0.390799463009229,5.69035945432406
2018,300,0.587213355797167,5.7037824746562
2018,315,0.390799463009229,5.75257263882563
2018,330,0.390799463009229,5.79909265446053
2019,24,0.203206547487051,3.17805383034795
2019,25,1.82508447770953,3.2188758248682
2019,27,1.65527483688773,3.29583686600433
2019,28,1.65527483688773,3.3322045101752
2019,29,1.45206828940068,3.36729582998647
2019,30,1.82508447770953,3.40119738166216
2019,31,0.203206547487051,3.43398720448515
2019,32,1.45206828940068,3.46573590279973
2019,34,0.203206547487051,3.52636052461616
2019,35,0.94923892410475,3.55534806148941
2019,36,0.37301618830885,3.58351893845611
2019,37,1.82508447770953,3.61091791264422
2019,38,2.11472027834147,3.63758615972639
2019,39,1.45206828940068,3.66356164612965
2019,40,1.65527483688773,3.68887945411394
2019,41,1.45206828940068,3.71357206670431
2019,42,1.45206828940068,3.73766961828337
2019,43,1.45206828940068,3.76120011569356
2019,44,3.27715276711021,3.78418963391826
2019,46,0.492842348118985,3.8286413964891
2019,47,0.37301618830885,3.85014760171006
2019,48,0.37301618830885,3.87120101090789
2019,49,1.4920647532354,3.89182029811063
2019,50,0.37301618830885,3.91202300542815
2019,51,1.65527483688773,3.93182563272433
2019,52,4.5594114156891,3.95124371858143
2019,54,3.27715276711021,3.98898404656427
2019,55,1.45206828940068,4.00733318523247
2019,57,0.37301618830885,4.04305126783455
2019,58,1.11904856492655,4.06044301054642
2019,59,1.45206828940068,4.07753744390572
2019,62,1.82508447770953,4.12713438504509
2019,64,0.746032376617699,4.15888308335967
2019,65,0.289635800631935,4.17438726989564
2019,66,0.746032376617699,4.18965474202643
2019,70,4.59940787952381,4.24849524204936
2019,73,0.203206547487051,4.29045944114839
2019,74,1.82508447770953,4.30406509320417
2019,76,1.45206828940068,4.33073334028633
2019,78,3.68356586208432,4.35670882668959
2019,79,0.37301618830885,4.36944785246702
2019,80,0.982635830770002,4.38202663467388
2019,81,0.203206547487051,4.39444915467244
2019,82,0.662651988940784,4.40671924726425
2019,83,1.4920647532354,4.4188406077966
2019,84,4.35620486820205,4.43081679884331
2019,85,2.90413657880136,4.44265125649032
2019,86,2.90413657880136,4.45434729625351
2019,88,1.65527483688773,4.47733681447821
2019,90,0.746032376617699,4.49980967033027
2019,92,4.7292210565109,4.52178857704904
2019,94,0.37301618830885,4.54329478227
2019,96,1.74170409003262,4.56434819146784
2019,98,0.492842348118985,4.58496747867057
2019,99,1.11904856492655,4.59511985013459
2019,100,1.65527483688773,4.60517018598809
2019,101,0.746032376617699,4.61512051684126
2019,105,0.576222735795901,4.65396035015752
2019,106,1.82508447770953,4.66343909411207
2019,107,0.94923892410475,4.67282883446191
2019,108,2.31792682582852,4.68213122712422
2019,109,0.746032376617699,4.69134788222914
2019,110,2.57111685432723,4.70048036579242
2019,111,0.746032376617699,4.70953020131233
2019,112,0.37301618830885,4.71849887129509
2019,113,1.82508447770953,4.72738781871234
2019,114,1.45206828940068,4.7361984483945
2019,115,0.37301618830885,4.74493212836325
2019,116,0.94923892410475,4.75359019110636
2019,118,2.40130721350543,4.77068462446567
2019,120,1.65527483688773,4.78749174278205
2019,121,1.82508447770953,4.79579054559674
2019,122,0.746032376617699,4.80402104473326
2019,123,0.37301618830885,4.81218435537242
2019,124,1.82508447770953,4.82028156560504
2019,125,1.82508447770953,4.8283137373023
2019,127,0.94923892410475,4.84418708645859
2019,128,1.45206828940068,4.85203026391962
2019,129,0.37301618830885,4.85981240436167
2019,130,0.37301618830885,4.86753445045558
2019,131,0.203206547487051,4.87519732320115
2019,132,0.779429283282951,4.88280192258637
2019,133,0.37301618830885,4.89034912822175
2019,134,1.82508447770953,4.89783979995091
2019,135,1.82508447770953,4.90527477843843
2019,136,0.203206547487051,4.91265488573605
2019,137,1.82508447770953,4.91998092582813
2019,140,0.203206547487051,4.9416424226093
2019,143,1.45206828940068,4.96284463025991
2019,144,2.90413657880136,4.969813299576
2019,145,1.65527483688773,4.97673374242057
2019,146,0.576222735795901,4.98360662170834
2019,147,0.37301618830885,4.99043258677874
2019,148,0.746032376617699,4.99721227376411
2019,149,1.45206828940068,5.00394630594546
2019,150,2.19810066601838,5.01063529409626
2019,151,0.94923892410475,5.01727983681492
2019,154,1.65527483688773,5.03695260241363
2019,155,0.37301618830885,5.04342511691925
2019,156,1.82508447770953,5.04985600724954
2019,157,0.37301618830885,5.05624580534831
2019,158,1.65527483688773,5.06259503302697
2019,159,0.289635800631935,5.06890420222023
2019,162,0.203206547487051,5.08759633523238
2019,163,0.203206547487051,5.09375020080676
2019,164,2.11472027834147,5.0998664278242
2019,165,0.746032376617699,5.10594547390058
2019,166,1.45206828940068,5.11198778835654
2019,170,1.82508447770953,5.13579843705026
2019,172,1.45206828940068,5.14749447681345
2019,173,0.746032376617699,5.15329159449778
2019,175,1.45206828940068,5.16478597392351
2019,178,1.45206828940068,5.18178355029209
2019,179,0.37301618830885,5.18738580584075
2019,180,1.45206828940068,5.19295685089021
2019,185,1.45206828940068,5.22035582507832
2019,187,0.37301618830885,5.23110861685459
2019,189,0.576222735795901,5.24174701505964
2019,190,0.203206547487051,5.24702407216049
2019,191,0.37301618830885,5.25227342804663
2019,193,0.746032376617699,5.26269018890489
2019,194,3.10734312628841,5.26785815906333
2019,196,3.10734312628841,5.27811465923052
2019,198,2.90413657880136,5.28826703069454
2019,199,1.45206828940068,5.29330482472449
2019,200,0.37301618830885,5.29831736654804
2019,201,0.37301618830885,5.30330490805908
2019,202,0.37301618830885,5.30826769740121
2019,204,0.203206547487051,5.31811999384422
2019,206,1.45206828940068,5.32787616878958
2019,207,1.45206828940068,5.33271879326537
2019,209,1.45206828940068,5.34233425196481
2019,210,1.45206828940068,5.34710753071747
2019,211,0.37301618830885,5.35185813347607
2019,212,2.02829102519658,5.35658627467201
2019,215,1.45206828940068,5.37063802812766
2019,216,0.37301618830885,5.37527840768417
2019,217,2.90413657880136,5.37989735354046
2019,222,1.82508447770953,5.40267738187228
2019,223,0.37301618830885,5.40717177146012
2019,224,1.45206828940068,5.41164605185504
2019,225,0.203206547487051,5.41610040220442
2019,226,0.746032376617699,5.42053499927229
2019,228,1.45206828940068,5.42934562895444
2019,229,1.45206828940068,5.43372200355424
2019,232,1.45206828940068,5.44673737166631
2019,233,0.37301618830885,5.4510384535657
2019,236,1.45206828940068,5.46383180502561
2019,238,0.37301618830885,5.47227067367148
2019,240,0.203206547487051,5.48063892334199
2019,241,1.45206828940068,5.48479693349065
2019,242,1.65527483688773,5.48893772615669
2019,243,2.19810066601838,5.49306144334055
2019,244,0.746032376617699,5.4971682252932
2019,246,1.82508447770953,5.50533153593236
2019,250,1.74170409003262,5.52146091786225
2019,251,1.82508447770953,5.52545293913178
2019,252,0.576222735795901,5.52942908751142
2019,256,0.406413094974102,5.54517744447956
2019,258,0.37301618830885,5.55295958492162
2019,259,0.37301618830885,5.55682806169954
2019,262,0.37301618830885,5.5683445037611
2019,268,1.45206828940068,5.59098698051086
2019,272,0.37301618830885,5.605802066296
2019,274,0.37301618830885,5.61312810638807
2019,275,0.37301618830885,5.61677109766657
2019,279,0.37301618830885,5.63121178182137
2019,287,2.90413657880136,5.65948221575962
2019,290,1.82508447770953,5.66988092298052
2019,294,1.45206828940068,5.68357976733868
2019,296,1.45206828940068,5.69035945432406
2019,298,1.45206828940068,5.6970934865054
2019,306,0.746032376617699,5.72358510195238
2019,310,0.203206547487051,5.73657229747919
2019,320,0.37301618830885,5.76832099579377
2019,327,0.289635800631935,5.78996017089725
2019,342,0.37301618830885,5.8348107370626
2019,389,0.37301618830885,5.96357934361845
